8in1,3
adaptil,1
addiction,0
advanced_oral_care,101
ani_mate,5
"ani_mate,_dog_mate",4
arm_and_hammer,7
bayer,16
"bayer,_dvm",12
before_grain,2
beyond,1
bird_lover's_blend,0
blackwood,1
blue_basics,30
blue_freedom,31
blue_life_protection,114
blue_wilderness,101
breath-less,5
breeder's_choice,27
canine_caviar,2
cat's_pride,1
cats_in_the_kitchen,17
ceva,8
chasing_our_tails,5
coastal_pet_products,47
cosequin,4
"cosequin,_dasuquin",1
dasuquin,5
dechra,19
denamarin,2
denosyl,1
dog_fashion_living,0
"dog_mate,_ani_mate",1
dog_rocks,0
dogswell,8
"dvm,_bayer",1
earthbath,2
earthborn_holistic,18
encore,0
etta_says!,2
felidae,18
feliway,4
ferrera_farms,11
fido_pet_products,0
firstmate,1
four_paws,14
garden_chic!,0
good_buddy,7
gray_muzzle,3
hagen,52
hartz,1
hi-tek_rations,6
hill's,123
"hill's,_science_diet",106
hillside_farms,0
hueter_toledo,1
instinct,91
kong,2
kyjen,45
"kyjen,_dog_games",2
lambert_kay,1
litter_genie,0
marshall,2
mypet,1
natural_ultramix,9
naturally_fresh!,0
neater,7
neko_chan,8
nootie,3
north_states,11
nutro,60
organix,32
our_pet's,15
outward_hound,1
overby_farm,82
paragon_products,7
pet_health_solutions,7
petcurean,28
petedge,7
petmate,193
petmatrix,36
petsafe,9
"petsafe,_premier",32
pill_pockets,7
pioneer_pet,14
precious_cat,1
precise,23
premier,5
"premier,_petsafe",20
proviable,1
purebites,0
puresnacks,17
purina,440
"purina,_beneful",16
"purina,_beyond",33
"purina,_breeze",2
"purina,_cat_chow",1
"purina,_dog_chow",4
"purina,_kitten_chow",6
"purina,_muse",3
"purina,_puppy_chow",3
qt_dog,1
realtree,1
royal_canin,90
royal_canin_breed_health_nutrition,34
royal_canin_size_health_nutrition,64
science_diet,0
scott_pet_products,28
sea_mobility_joint_rescue,4
sentry,7
sergeant's,49
"sergeant's,_sentry",2
smartcat,17
sogeval,6
solvit,5
sporn,4
spot,72
stewart_raw_naturals,0
sunseed,6
synergylabs,28
tetra,0
the_company_of_animals,10
thundershirt,4
tomlyn,0
tops_pet_products,32
tripett,12
tropical_carnival,6
trufood,10
tuffy's_pet_food,31
"tuffy's_pet_food,_nutrisource",18
vet_solutions,35
vetericyn,2
vets_choice,20
welactin,3
wellness,19
wellness_complete_health,42
wellness_core,34
wellness_simple,10
weruva,15
wet_noses,2
wild_calling,0
ziwipeak,21
zymox,2
